User ID,Event Date,Total Spend,Quantity,Segment,,,,,,,,
175,08-Jun-22,135.00,2,Dog,,,,,,,,
7,08-Jun-22,23.00,1,Dog,,,,,,,,
24,08-Jun-22,144.00,2,Dog,,,,,,,,
52,08-Jun-22,46.00,1,Cat,,,,,,,,
180,08-Jun-22,116.00,2,Cat,,,,,,,,
148,09-Jun-22,92.00,4,Dog,,,,,,,,
99,09-Jun-22,80.00,4,Cat,,,,,,,,
81,09-Jun-22,120.00,2,Cat,,,,,,,,
40,09-Jun-22,81.00,4,Dog,,,,,,,,
190,09-Jun-22,33.00,1,Dog,,,,,,,,
65,10-Jun-22,53.00,4,Dog,,,,,,,,
63,10-Jun-22,133.00,3,Cat,,,,,,,,
152,10-Jun-22,141.00,2,Dog,,,,,,,,
188,10-Jun-22,58.00,3,Dog,,,,,,,,
25,10-Jun-22,141.00,2,Dog,,,,,,,,
98,11-Jun-22,90.00,4,Dog,,,,,,,,
92,11-Jun-22,81.00,4,Cat,,,,,,,,
161,11-Jun-22,87.00,4,Cat,,,,,,,,
29,12-Jun-22,121.00,3,Cat,,,,,,,,
110,12-Jun-22,147.00,3,Cat,,,,,,,,
32,13-Jun-22,83.00,3,Cat,,,,,,,,
71,13-Jun-22,134.00,3,Dog,,,,,,,,
199,13-Jun-22,52.00,2,Dog,,,,,,,,
16,13-Jun-22,42.00,1,Dog,,,,,,,,
119,14-Jun-22,124.00,2,Cat,,,,,,,,
30,14-Jun-22,39.00,1,Dog,,,,,,,,
100,14-Jun-22,108.00,2,Dog,,,,,,,,
140,14-Jun-22,92.00,3,Dog,,,,,,,,
135,15-Jun-22,59.00,4,Cat,,,,,,,,
96,15-Jun-22,104.00,3,Dog,,,,,,,,
44,15-Jun-22,107.00,2,Dog,,,,,,,,
49,15-Jun-22,122.00,2,Dog,,,,,,,,
17,15-Jun-22,93.00,4,Dog,,,,,,,,
84,16-Jun-22,115.00,2,Dog,,,,,,,,
104,16-Jun-22,71.00,4,Cat,,,,,,,,
131,16-Jun-22,44.00,1,Dog,,,,,,,,
32,16-Jun-22,88.00,4,Dog,,,,,,,,
69,16-Jun-22,142.00,3,Cat,,,,,,,,
168,16-Jun-22,81.00,2,Cat,,,,,,,,
109,17-Jun-22,90.00,3,Dog,,,,,,,,
46,17-Jun-22,102.00,2,Dog,,,,,,,,
168,18-Jun-22,73.00,2,Dog,,,,,,,,
51,18-Jun-22,49.00,1,Dog,,,,,,,,
135,18-Jun-22,123.00,3,Dog,,,,,,,,
84,18-Jun-22,93.00,3,Dog,,,,,,,,
111,19-Jun-22,75.00,4,Dog,,,,,,,,
159,19-Jun-22,142.00,4,Cat,,,,,,,,
173,20-Jun-22,88.00,3,Dog,,,,,,,,
93,20-Jun-22,126.00,3,Cat,,,,,,,,
124,20-Jun-22,53.00,3,Dog,,,,,,,,
74,20-Jun-22,35.00,1,Dog,,,,,,,,
156,20-Jun-22,78.00,4,Cat,,,,,,,,
85,21-Jun-22,83.00,3,Dog,,,,,,,,
92,21-Jun-22,106.00,4,Dog,,,,,,,,
120,21-Jun-22,99.00,4,Cat,,,,,,,,
33,21-Jun-22,148.00,3,Dog,,,,,,,,
70,21-Jun-22,82.00,3,Cat,,,,,,,,
107,22-Jun-22,141.00,2,Cat,,,,,,,,
184,22-Jun-22,150.00,2,Dog,,,,,,,,
100,22-Jun-22,103.00,3,Cat,,,,,,,,
190,22-Jun-22,105.00,3,Cat,,,,,,,,
109,23-Jun-22,128.00,2,Dog,,,,,,,,
163,23-Jun-22,27.00,1,Dog,,,,,,,,
34,23-Jun-22,85.00,4,Cat,,,,,,,,
53,23-Jun-22,58.00,2,Dog,,,,,,,,
8,23-Jun-22,132.00,2,Cat,,,,,,,,
33,23-Jun-22,36.00,1,Dog,,,,,,,,
121,23-Jun-22,78.00,4,Cat,,,,,,,,
182,24-Jun-22,132.00,4,Dog,,,,,,,,
42,24-Jun-22,97.00,4,Dog,,,,,,,,
197,25-Jun-22,116.00,3,Dog,,,,,,,,
47,25-Jun-22,109.00,3,Dog,,,,,,,,
9,25-Jun-22,130.00,4,Dog,,,,,,,,
118,25-Jun-22,24.00,1,Cat,,,,,,,,
50,25-Jun-22,74.00,4,Cat,,,,,,,,
146,26-Jun-22,142.00,3,Cat,,,,,,,,
117,26-Jun-22,39.00,1,Dog,,,,,,,,
25,26-Jun-22,135.00,4,Dog,,,,,,,,
104,26-Jun-22,131.00,3,Cat,,,,,,,,
117,27-Jun-22,150.00,3,Dog,,,,,,,,
194,27-Jun-22,59.00,3,Dog,,,,,,,,
184,27-Jun-22,96.00,4,Dog,,,,,,,,
63,27-Jun-22,49.00,1,Dog,,,,,,,,
10,27-Jun-22,75.00,4,Dog,,,,,,,,
65,28-Jun-22,119.00,2,Dog,,,,,,,,
188,28-Jun-22,110.00,2,Cat,,,,,,,,
52,28-Jun-22,57.00,4,Dog,,,,,,,,
130,28-Jun-22,37.00,1,Cat,,,,,,,,
187,28-Jun-22,122.00,2,Cat,,,,,,,,
25,29-Jun-22,148.00,2,Cat,,,,,,,,
157,29-Jun-22,60.00,2,Cat,,,,,,,,
185,29-Jun-22,137.00,4,Cat,,,,,,,,
92,29-Jun-22,140.00,3,Cat,,,,,,,,
28,29-Jun-22,85.00,2,Cat,,,,,,,,
135,29-Jun-22,73.00,4,Cat,,,,,,,,
195,29-Jun-22,89.00,2,Cat,,,,,,,,
168,29-Jun-22,138.00,3,Dog,,,,,,,,
147,29-Jun-22,55.00,2,Cat,,,,,,,,
24,30-Jun-22,47.00,1,Dog,,,,,,,,
148,30-Jun-22,124.00,3,Dog,,,,,,,,
19,30-Jun-22,135.00,4,Dog,,,,,,,,
9,30-Jun-22,147.00,2,Cat,,,,,,,,
134,30-Jun-22,89.00,2,Dog,,,,,,,,
150,30-Jun-22,146.00,2,Cat,,,,,,,,
104,30-Jun-22,127.00,2,Dog,,,,,,,,
141,30-Jun-22,94.00,2,Dog,,,,,,,,
183,30-Jun-22,73.00,2,Cat,,,,,,,,
156,01-Jul-22,70.00,2,Cat,,,,,,,,
34,01-Jul-22,112.00,2,Dog,,,,,,,,
160,02-Jul-22,110.00,4,Dog,,,,,,,,
140,02-Jul-22,77.00,4,Cat,,,,,,,,
20,02-Jul-22,58.00,4,Cat,,,,,,,,
155,03-Jul-22,26.00,1,Cat,,,,,,,,
96,03-Jul-22,38.00,1,Dog,,,,,,,,
70,03-Jul-22,98.00,4,Cat,,,,,,,,
194,03-Jul-22,82.00,2,Cat,,,,,,,,
100,03-Jul-22,87.00,3,Cat,,,,,,,,
56,03-Jul-22,49.00,1,Dog,,,,,,,,
58,04-Jul-22,60.00,3,Cat,,,,,,,,
170,04-Jul-22,50.00,1,Cat,,,,,,,,
177,04-Jul-22,147.00,3,Cat,,,,,,,,
183,04-Jul-22,45.00,1,Cat,,,,,,,,
184,05-Jul-22,25.00,1,Dog,,,,,,,,
115,05-Jul-22,145.00,3,Dog,,,,,,,,
148,05-Jul-22,136.00,3,Dog,,,,,,,,
176,05-Jul-22,122.00,3,Cat,,,,,,,,
176,05-Jul-22,108.00,4,Cat,,,,,,,,
167,05-Jul-22,57.00,2,Cat,,,,,,,,
113,05-Jul-22,76.00,2,Cat,,,,,,,,
181,06-Jul-22,43.00,1,Cat,,,,,,,,
120,06-Jul-22,66.00,3,Dog,,,,,,,,
38,06-Jul-22,146.00,3,Dog,,,,,,,,
44,07-Jul-22,124.00,3,Cat,,,,,,,,
40,07-Jul-22,113.00,2,Dog,,,,,,,,
199,07-Jul-22,118.00,3,Dog,,,,,,,,
68,07-Jul-22,81.00,4,Cat,,,,,,,,
95,07-Jul-22,138.00,4,Cat,,,,,,,,
187,07-Jul-22,125.00,2,Dog,,,,,,,,
101,07-Jul-22,49.00,1,Cat,,,,,,,,
191,08-Jul-22,111.00,4,Cat,,,,,,,,
133,08-Jul-22,131.00,2,Dog,,,,,,,,
82,08-Jul-22,67.00,2,Dog,,,,,,,,
29,09-Jul-22,150.00,2,Cat,,,,,,,,
45,10-Jul-22,96.00,2,Cat,,,,,,,,
181,10-Jul-22,125.00,3,Cat,,,,,,,,
166,10-Jul-22,29.00,1,Dog,,,,,,,,
86,10-Jul-22,38.00,1,Cat,,,,,,,,
52,11-Jul-22,42.00,1,Dog,,,,,,,,
20,11-Jul-22,78.00,3,Dog,,,,,,,,
176,11-Jul-22,114.00,2,Dog,,,,,,,,
173,11-Jul-22,36.00,1,Cat,,,,,,,,
4,11-Jul-22,114.00,2,Dog,,,,,,,,
102,11-Jul-22,39.00,1,Dog,,,,,,,,
97,11-Jul-22,96.00,2,Dog,,,,,,,,
7,12-Jul-22,68.00,2,Cat,,,,,,,,
63,12-Jul-22,65.00,2,Dog,,,,,,,,
138,12-Jul-22,40.00,1,Cat,,,,,,,,
101,12-Jul-22,85.00,3,Dog,,,,,,,,
45,12-Jul-22,45.00,1,Cat,,,,,,,,
111,12-Jul-22,25.00,1,Cat,,,,,,,,
126,12-Jul-22,140.00,3,Dog,,,,,,,,
58,12-Jul-22,98.00,3,Dog,,,,,,,,
32,12-Jul-22,64.00,3,Cat,,,,,,,,
109,12-Jul-22,86.00,4,Dog,,,,,,,,
180,13-Jul-22,104.00,3,Cat,,,,,,,,
74,13-Jul-22,89.00,4,Cat,,,,,,,,
120,13-Jul-22,81.00,3,Cat,,,,,,,,
13,13-Jul-22,102.00,2,Dog,,,,,,,,
188,13-Jul-22,144.00,4,Cat,,,,,,,,
55,14-Jul-22,149.00,2,Dog,,,,,,,,
33,14-Jul-22,150.00,3,Cat,,,,,,,,
142,15-Jul-22,134.00,3,Cat,,,,,,,,
126,15-Jul-22,45.00,1,Cat,,,,,,,,
76,15-Jul-22,115.00,2,Cat,,,,,,,,
89,16-Jul-22,132.00,4,Cat,,,,,,,,
70,16-Jul-22,105.00,4,Cat,,,,,,,,
75,16-Jul-22,54.00,2,Dog,,,,,,,,
147,16-Jul-22,28.00,1,Dog,,,,,,,,
174,17-Jul-22,33.00,1,Dog,,,,,,,,
7,17-Jul-22,74.00,2,Cat,,,,,,,,
112,17-Jul-22,88.00,4,Cat,,,,,,,,
41,17-Jul-22,138.00,2,Dog,,,,,,,,
38,17-Jul-22,47.00,1,Dog,,,,,,,,
129,17-Jul-22,30.00,1,Dog,,,,,,,,
87,17-Jul-22,69.00,3,Dog,,,,,,,,
21,19-Jul-22,49.00,1,Cat,,,,,,,,
94,19-Jul-22,145.00,4,Cat,,,,,,,,
1,19-Jul-22,38.00,1,Dog,,,,,,,,
152,19-Jul-22,73.00,4,Cat,,,,,,,,
114,19-Jul-22,28.00,1,Cat,,,,,,,,
5,20-Jul-22,101.00,2,Dog,,,,,,,,
33,20-Jul-22,62.00,4,Dog,,,,,,,,
76,20-Jul-22,118.00,4,Cat,,,,,,,,
20,21-Jul-22,119.00,4,Dog,,,,,,,,
118,21-Jul-22,53.00,3,Dog,,,,,,,,
60,21-Jul-22,131.00,3,Cat,,,,,,,,
192,21-Jul-22,81.00,2,Cat,,,,,,,,
95,22-Jul-22,33.00,1,Dog,,,,,,,,
138,22-Jul-22,32.00,1,Cat,,,,,,,,
135,22-Jul-22,96.00,4,Cat,,,,,,,,
73,22-Jul-22,75.00,3,Cat,,,,,,,,
101,22-Jul-22,127.00,3,Dog,,,,,,,,
151,22-Jul-22,97.00,2,Dog,,,,,,,,
153,23-Jul-22,84.00,2,Cat,,,,,,,,
85,23-Jul-22,78.00,3,Cat,,,,,,,,
119,24-Jul-22,39.00,1,Cat,,,,,,,,
86,24-Jul-22,101.00,2,Dog,,,,,,,,
152,24-Jul-22,43.00,1,Dog,,,,,,,,
176,25-Jul-22,144.00,4,Dog,,,,,,,,
50,25-Jul-22,103.00,4,Dog,,,,,,,,
42,25-Jul-22,138.00,4,Dog,,,,,,,,
131,25-Jul-22,99.00,2,Cat,,,,,,,,
117,25-Jul-22,33.00,1,Dog,,,,,,,,
173,25-Jul-22,54.00,2,Cat,,,,,,,,
155,26-Jul-22,88.00,3,Cat,,,,,,,,
150,27-Jul-22,104.00,3,Cat,,,,,,,,
140,27-Jul-22,116.00,4,Cat,,,,,,,,
180,27-Jul-22,142.00,4,Dog,,,,,,,,
85,27-Jul-22,134.00,4,Dog,,,,,,,,
31,27-Jul-22,89.00,3,Cat,,,,,,,,
150,28-Jul-22,70.00,3,Dog,,,,,,,,
34,28-Jul-22,69.00,2,Dog,,,,,,,,
5,28-Jul-22,33.00,1,Dog,,,,,,,,
58,28-Jul-22,58.00,2,Cat,,,,,,,,
106,29-Jul-22,123.00,4,Cat,,,,,,,,
79,29-Jul-22,95.00,4,Dog,,,,,,,,
198,29-Jul-22,145.00,3,Cat,,,,,,,,
89,29-Jul-22,89.00,4,Dog,,,,,,,,
105,30-Jul-22,76.00,3,Dog,,,,,,,,
173,30-Jul-22,57.00,3,Cat,,,,,,,,
40,30-Jul-22,117.00,4,Dog,,,,,,,,
108,30-Jul-22,48.00,1,Cat,,,,,,,,
163,31-Jul-22,131.00,2,Dog,,,,,,,,
9,31-Jul-22,25.00,1,Dog,,,,,,,,
143,31-Jul-22,112.00,4,Cat,,,,,,,,
196,31-Jul-22,134.00,3,Dog,,,,,,,,
108,01-Aug-22,24.00,1,Dog,,,,,,,,
43,01-Aug-22,49.00,1,Cat,,,,,,,,
76,01-Aug-22,95.00,4,Dog,,,,,,,,
118,01-Aug-22,104.00,4,Dog,,,,,,,,
162,01-Aug-22,58.00,2,Cat,,,,,,,,
6,01-Aug-22,33.00,1,Dog,,,,,,,,
58,01-Aug-22,43.00,1,Dog,,,,,,,,
57,01-Aug-22,69.00,2,Dog,,,,,,,,
96,01-Aug-22,38.00,1,Dog,,,,,,,,
42,01-Aug-22,123.00,4,Dog,,,,,,,,
142,02-Aug-22,97.00,4,Dog,,,,,,,,
171,02-Aug-22,111.00,4,Dog,,,,,,,,
195,02-Aug-22,119.00,4,Dog,,,,,,,,
131,02-Aug-22,139.00,2,Cat,,,,,,,,
52,02-Aug-22,59.00,3,Dog,,,,,,,,
156,02-Aug-22,76.00,2,Dog,,,,,,,,
139,03-Aug-22,60.00,4,Dog,,,,,,,,
192,03-Aug-22,89.00,3,Cat,,,,,,,,
140,03-Aug-22,36.00,1,Cat,,,,,,,,
170,03-Aug-22,61.00,3,Dog,,,,,,,,
86,03-Aug-22,130.00,3,Dog,,,,,,,,
140,03-Aug-22,62.00,2,Cat,,,,,,,,
33,04-Aug-22,89.00,4,Dog,,,,,,,,
131,04-Aug-22,30.00,1,Cat,,,,,,,,
17,04-Aug-22,23.00,1,Dog,,,,,,,,
83,04-Aug-22,65.00,3,Cat,,,,,,,,
137,04-Aug-22,69.00,4,Dog,,,,,,,,
170,05-Aug-22,77.00,4,Cat,,,,,,,,
147,05-Aug-22,140.00,2,Dog,,,,,,,,
69,05-Aug-22,88.00,4,Cat,,,,,,,,
120,05-Aug-22,149.00,2,Dog,,,,,,,,
57,05-Aug-22,25.00,1,Dog,,,,,,,,
181,05-Aug-22,72.00,3,Cat,,,,,,,,
15,05-Aug-22,100.00,3,Dog,,,,,,,,
163,07-Aug-22,136.00,3,Dog,,,,,,,,
98,07-Aug-22,81.00,2,Cat,,,,,,,,
137,07-Aug-22,45.00,1,Cat,,,,,,,,
149,08-Aug-22,25.00,1,Dog,,,,,,,,
80,08-Aug-22,94.00,4,Dog,,,,,,,,
200,08-Aug-22,31.00,1,Dog,,,,,,,,
41,09-Aug-22,84.00,4,Dog,,,,,,,,
172,09-Aug-22,47.00,1,Dog,,,,,,,,
106,09-Aug-22,143.00,3,Cat,,,,,,,,
174,09-Aug-22,88.00,3,Cat,,,,,,,,
99,09-Aug-22,149.00,3,Cat,,,,,,,,
116,09-Aug-22,38.00,1,Cat,,,,,,,,
65,09-Aug-22,77.00,3,Dog,,,,,,,,
34,09-Aug-22,50.00,1,Dog,,,,,,,,
31,10-Aug-22,136.00,4,Cat,,,,,,,,
196,10-Aug-22,108.00,2,Cat,,,,,,,,
23,10-Aug-22,56.00,4,Dog,,,,,,,,
60,11-Aug-22,64.00,2,Dog,,,,,,,,
16,12-Aug-22,36.00,1,Dog,,,,,,,,
171,12-Aug-22,83.00,2,Cat,,,,,,,,
50,12-Aug-22,59.00,4,Cat,,,,,,,,
141,12-Aug-22,128.00,3,Cat,,,,,,,,
195,12-Aug-22,44.00,1,Dog,,,,,,,,
87,12-Aug-22,124.00,3,Dog,,,,,,,,
159,13-Aug-22,54.00,3,Dog,,,,,,,,
89,13-Aug-22,140.00,4,Cat,,,,,,,,
193,13-Aug-22,71.00,3,Dog,,,,,,,,
134,13-Aug-22,122.00,4,Dog,,,,,,,,
126,13-Aug-22,90.00,4,Dog,,,,,,,,
165,14-Aug-22,142.00,4,Dog,,,,,,,,
90,14-Aug-22,75.00,2,Dog,,,,,,,,
156,15-Aug-22,66.00,3,Cat,,,,,,,,
154,15-Aug-22,144.00,2,Cat,,,,,,,,
160,15-Aug-22,101.00,3,Dog,,,,,,,,
193,15-Aug-22,72.00,4,Dog,,,,,,,,
83,16-Aug-22,101.00,3,Cat,,,,,,,,
138,16-Aug-22,89.00,4,Cat,,,,,,,,
102,16-Aug-22,26.00,1,Dog,,,,,,,,
158,16-Aug-22,62.00,2,Cat,,,,,,,,
83,17-Aug-22,111.00,2,Cat,,,,,,,,
192,17-Aug-22,26.00,1,Dog,,,,,,,,
86,17-Aug-22,74.00,3,Dog,,,,,,,,
47,17-Aug-22,52.00,4,Cat,,,,,,,,
109,17-Aug-22,27.00,1,Dog,,,,,,,,
123,17-Aug-22,81.00,3,Dog,,,,,,,,
87,17-Aug-22,62.00,4,Cat,,,,,,,,
83,17-Aug-22,113.00,3,Dog,,,,,,,,
18,18-Aug-22,71.00,3,Cat,,,,,,,,
173,18-Aug-22,44.00,1,Cat,,,,,,,,
97,18-Aug-22,25.00,1,Dog,,,,,,,,
192,18-Aug-22,116.00,3,Cat,,,,,,,,
151,18-Aug-22,133.00,3,Cat,,,,,,,,
97,18-Aug-22,112.00,4,Dog,,,,,,,,
92,19-Aug-22,105.00,3,Dog,,,,,,,,
19,19-Aug-22,142.00,4,Dog,,,,,,,,
101,19-Aug-22,121.00,3,Cat,,,,,,,,
121,19-Aug-22,71.00,2,Dog,,,,,,,,
163,20-Aug-22,104.00,2,Dog,,,,,,,,
149,20-Aug-22,29.00,1,Cat,,,,,,,,
134,21-Aug-22,132.00,3,Dog,,,,,,,,
50,21-Aug-22,47.00,1,Dog,,,,,,,,
180,21-Aug-22,27.00,1,Dog,,,,,,,,
59,21-Aug-22,36.00,1,Dog,,,,,,,,
158,22-Aug-22,82.00,3,Dog,,,,,,,,
44,22-Aug-22,69.00,3,Cat,,,,,,,,
48,22-Aug-22,140.00,2,Dog,,,,,,,,
198,22-Aug-22,25.00,1,Dog,,,,,,,,
32,22-Aug-22,125.00,4,Dog,,,,,,,,
23,22-Aug-22,71.00,2,Cat,,,,,,,,
16,22-Aug-22,115.00,4,Dog,,,,,,,,
161,23-Aug-22,83.00,2,Dog,,,,,,,,
138,23-Aug-22,30.00,1,Cat,,,,,,,,
23,23-Aug-22,129.00,4,Cat,,,,,,,,
53,23-Aug-22,128.00,2,Cat,,,,,,,,
120,24-Aug-22,60.00,2,Cat,,,,,,,,
75,24-Aug-22,93.00,4,Cat,,,,,,,,
172,24-Aug-22,124.00,4,Cat,,,,,,,,
193,24-Aug-22,32.00,1,Cat,,,,,,,,
102,24-Aug-22,68.00,2,Dog,,,,,,,,
113,25-Aug-22,131.00,2,Dog,,,,,,,,
197,25-Aug-22,123.00,2,Cat,,,,,,,,
43,25-Aug-22,64.00,4,Dog,,,,,,,,
110,25-Aug-22,104.00,2,Cat,,,,,,,,
134,26-Aug-22,57.00,3,Dog,,,,,,,,
158,26-Aug-22,102.00,4,Dog,,,,,,,,
156,26-Aug-22,50.00,1,Dog,,,,,,,,
31,26-Aug-22,30.00,1,Cat,,,,,,,,
140,26-Aug-22,138.00,2,Cat,,,,,,,,
163,26-Aug-22,109.00,2,Dog,,,,,,,,
8,26-Aug-22,95.00,4,Dog,,,,,,,,
181,27-Aug-22,146.00,3,Dog,,,,,,,,
34,28-Aug-22,105.00,4,Dog,,,,,,,,
20,29-Aug-22,130.00,2,Cat,,,,,,,,
127,29-Aug-22,77.00,2,Cat,,,,,,,,
128,29-Aug-22,51.00,3,Cat,,,,,,,,
193,29-Aug-22,115.00,4,Dog,,,,,,,,
168,29-Aug-22,139.00,3,Cat,,,,,,,,
141,30-Aug-22,41.00,1,Cat,,,,,,,,
31,30-Aug-22,62.00,4,Cat,,,,,,,,
153,31-Aug-22,98.00,2,Cat,,,,,,,,
161,31-Aug-22,39.00,1,Dog,,,,,,,,
11,31-Aug-22,26.00,1,Dog,,,,,,,,
161,01-Sep-22,44.00,1,Dog,,,,,,,,
189,01-Sep-22,101.00,3,Cat,,,,,,,,
104,01-Sep-22,87.00,4,Dog,,,,,,,,
184,01-Sep-22,143.00,2,Dog,,,,,,,,
83,01-Sep-22,60.00,4,Cat,,,,,,,,
20,01-Sep-22,148.00,2,Cat,,,,,,,,
120,02-Sep-22,135.00,3,Cat,,,,,,,,
114,02-Sep-22,91.00,4,Cat,,,,,,,,
193,02-Sep-22,49.00,1,Dog,,,,,,,,
133,02-Sep-22,34.00,1,Cat,,,,,,,,
73,03-Sep-22,118.00,2,Cat,,,,,,,,
137,03-Sep-22,70.00,3,Cat,,,,,,,,
180,03-Sep-22,113.00,4,Cat,,,,,,,,
151,03-Sep-22,149.00,4,Dog,,,,,,,,
167,03-Sep-22,112.00,2,Cat,,,,,,,,
159,03-Sep-22,121.00,4,Dog,,,,,,,,
137,04-Sep-22,79.00,3,Cat,,,,,,,,
182,04-Sep-22,82.00,2,Cat,,,,,,,,
4,04-Sep-22,90.00,4,Dog,,,,,,,,
66,04-Sep-22,29.00,1,Cat,,,,,,,,
184,05-Sep-22,131.00,3,Cat,,,,,,,,
47,05-Sep-22,147.00,3,Dog,,,,,,,,
173,05-Sep-22,50.00,1,Cat,,,,,,,,
185,06-Sep-22,108.00,3,Dog,,,,,,,,
65,06-Sep-22,100.00,3,Dog,,,,,,,,
169,06-Sep-22,46.00,1,Cat,,,,,,,,
7,06-Sep-22,60.00,2,Dog,,,,,,,,
9,06-Sep-22,124.00,2,Cat,,,,,,,,
91,07-Sep-22,61.00,3,Dog,,,,,,,,
93,07-Sep-22,105.00,3,Cat,,,,,,,,
54,07-Sep-22,101.00,3,Cat,,,,,,,,
149,08-Sep-22,36.00,1,Dog,,,,,,,,
172,08-Sep-22,60.00,3,Cat,,,,,,,,
96,08-Sep-22,133.00,4,Cat,,,,,,,,
133,08-Sep-22,124.00,3,Cat,,,,,,,,
83,09-Sep-22,131.00,4,Dog,,,,,,,,
96,09-Sep-22,130.00,3,Cat,,,,,,,,
144,09-Sep-22,24.00,1,Cat,,,,,,,,
174,09-Sep-22,149.00,2,Dog,,,,,,,,
195,09-Sep-22,115.00,2,Cat,,,,,,,,
189,10-Sep-22,131.00,4,Cat,,,,,,,,
37,10-Sep-22,129.00,4,Dog,,,,,,,,
66,11-Sep-22,135.00,4,Cat,,,,,,,,
161,12-Sep-22,82.00,3,Dog,,,,,,,,
142,12-Sep-22,120.00,4,Cat,,,,,,,,
94,12-Sep-22,113.00,3,Cat,,,,,,,,
4,12-Sep-22,31.00,1,Dog,,,,,,,,
131,12-Sep-22,110.00,4,Dog,,,,,,,,
72,13-Sep-22,67.00,4,Cat,,,,,,,,
95,13-Sep-22,59.00,2,Dog,,,,,,,,
182,13-Sep-22,32.00,1,Dog,,,,,,,,
34,13-Sep-22,117.00,4,Cat,,,,,,,,
138,13-Sep-22,120.00,2,Dog,,,,,,,,
18,14-Sep-22,138.00,3,Dog,,,,,,,,
46,14-Sep-22,110.00,2,Dog,,,,,,,,
40,15-Sep-22,81.00,3,Dog,,,,,,,,
141,15-Sep-22,112.00,3,Cat,,,,,,,,
130,15-Sep-22,59.00,4,Cat,,,,,,,,
135,15-Sep-22,127.00,2,Dog,,,,,,,,
119,15-Sep-22,87.00,4,Cat,,,,,,,,
97,16-Sep-22,41.00,1,Cat,,,,,,,,
95,16-Sep-22,23.00,1,Cat,,,,,,,,
76,16-Sep-22,35.00,1,Cat,,,,,,,,
97,16-Sep-22,92.00,2,Cat,,,,,,,,
114,16-Sep-22,114.00,3,Dog,,,,,,,,
91,17-Sep-22,110.00,2,Cat,,,,,,,,
90,17-Sep-22,33.00,1,Cat,,,,,,,,
40,17-Sep-22,77.00,2,Dog,,,,,,,,
24,18-Sep-22,130.00,4,Dog,,,,,,,,
62,18-Sep-22,134.00,3,Cat,,,,,,,,
33,18-Sep-22,107.00,4,Dog,,,,,,,,
38,18-Sep-22,98.00,4,Dog,,,,,,,,
64,19-Sep-22,34.00,1,Dog,,,,,,,,
155,19-Sep-22,87.00,2,Cat,,,,,,,,
154,19-Sep-22,83.00,2,Dog,,,,,,,,
2,20-Sep-22,49.00,1,Cat,,,,,,,,
142,20-Sep-22,131.00,4,Cat,,,,,,,,
90,20-Sep-22,55.00,4,Dog,,,,,,,,
122,20-Sep-22,119.00,3,Cat,,,,,,,,
105,21-Sep-22,107.00,3,Cat,,,,,,,,
148,21-Sep-22,69.00,2,Dog,,,,,,,,
39,21-Sep-22,123.00,2,Dog,,,,,,,,
172,21-Sep-22,111.00,3,Dog,,,,,,,,
15,22-Sep-22,102.00,4,Cat,,,,,,,,
33,22-Sep-22,122.00,3,Cat,,,,,,,,
194,22-Sep-22,86.00,2,Cat,,,,,,,,
87,22-Sep-22,100.00,3,Dog,,,,,,,,
55,23-Sep-22,102.00,3,Cat,,,,,,,,
158,23-Sep-22,141.00,4,Dog,,,,,,,,
53,23-Sep-22,103.00,4,Dog,,,,,,,,
96,23-Sep-22,135.00,4,Dog,,,,,,,,
200,23-Sep-22,64.00,3,Cat,,,,,,,,
198,23-Sep-22,118.00,3,Dog,,,,,,,,
23,23-Sep-22,42.00,1,Cat,,,,,,,,
53,23-Sep-22,106.00,4,Cat,,,,,,,,
160,23-Sep-22,46.00,1,Dog,,,,,,,,
113,23-Sep-22,127.00,4,Cat,,,,,,,,
139,23-Sep-22,81.00,2,Cat,,,,,,,,
193,24-Sep-22,131.00,3,Cat,,,,,,,,
183,24-Sep-22,54.00,2,Cat,,,,,,,,
101,24-Sep-22,108.00,4,Dog,,,,,,,,
75,24-Sep-22,79.00,4,Dog,,,,,,,,
43,25-Sep-22,32.00,1,Dog,,,,,,,,
162,25-Sep-22,61.00,2,Dog,,,,,,,,
81,25-Sep-22,107.00,4,Cat,,,,,,,,
113,25-Sep-22,144.00,3,Cat,,,,,,,,
111,26-Sep-22,40.00,1,Dog,,,,,,,,
33,26-Sep-22,96.00,3,Dog,,,,,,,,
103,27-Sep-22,130.00,4,Dog,,,,,,,,
188,27-Sep-22,118.00,4,Dog,,,,,,,,
56,27-Sep-22,147.00,3,Cat,,,,,,,,
18,27-Sep-22,46.00,1,Dog,,,,,,,,
85,27-Sep-22,75.00,4,Dog,,,,,,,,
136,28-Sep-22,141.00,3,Cat,,,,,,,,
119,28-Sep-22,114.00,3,Dog,,,,,,,,
11,28-Sep-22,45.00,1,Cat,,,,,,,,
200,28-Sep-22,61.00,3,Cat,,,,,,,,
23,28-Sep-22,127.00,2,Dog,,,,,,,,
169,28-Sep-22,100.00,2,Dog,,,,,,,,
59,28-Sep-22,117.00,3,Cat,,,,,,,,
164,29-Sep-22,120.00,4,Dog,,,,,,,,
184,29-Sep-22,113.00,3,Dog,,,,,,,,
170,29-Sep-22,40.00,1,Dog,,,,,,,,
14,29-Sep-22,109.00,4,Dog,,,,,,,,
6,30-Sep-22,105.00,3,Cat,,,,,,,,
5,30-Sep-22,69.00,3,Dog,,,,,,,,
187,30-Sep-22,99.00,2,Dog,,,,,,,,
36,01-Oct-22,30.00,1,Cat,,,,,,,,
80,01-Oct-22,89.00,4,Cat,,,,,,,,
166,01-Oct-22,142.00,4,Cat,,,,,,,,
113,02-Oct-22,68.00,2,Dog,,,,,,,,
29,02-Oct-22,87.00,3,Dog,,,,,,,,
183,02-Oct-22,92.00,3,Dog,,,,,,,,
98,02-Oct-22,130.00,4,Cat,,,,,,,,
173,02-Oct-22,25.00,1,Dog,,,,,,,,
55,02-Oct-22,105.00,2,Cat,,,,,,,,
74,02-Oct-22,142.00,4,Cat,,,,,,,,
41,03-Oct-22,106.00,2,Dog,,,,,,,,
45,03-Oct-22,39.00,1,Cat,,,,,,,,
199,04-Oct-22,128.00,3,Cat,,,,,,,,
69,04-Oct-22,123.00,2,Dog,,,,,,,,
67,05-Oct-22,35.00,1,Cat,,,,,,,,
32,06-Oct-22,42.00,1,Dog,,,,,,,,
165,06-Oct-22,26.00,1,Dog,,,,,,,,
46,06-Oct-22,87.00,4,Dog,,,,,,,,
24,06-Oct-22,61.00,4,Dog,,,,,,,,
35,07-Oct-22,67.00,3,Dog,,,,,,,,
126,07-Oct-22,45.00,1,Dog,,,,,,,,
165,07-Oct-22,32.00,1,Cat,,,,,,,,
141,07-Oct-22,42.00,1,Dog,,,,,,,,
12,07-Oct-22,68.00,4,Cat,,,,,,,,
195,07-Oct-22,90.00,4,Dog,,,,,,,,
53,07-Oct-22,114.00,2,Cat,,,,,,,,
179,08-Oct-22,112.00,2,Cat,,,,,,,,
37,08-Oct-22,53.00,3,Cat,,,,,,,,
199,08-Oct-22,88.00,2,Cat,,,,,,,,
132,08-Oct-22,148.00,4,Dog,,,,,,,,
163,08-Oct-22,46.00,1,Cat,,,,,,,,
176,08-Oct-22,50.00,1,Dog,,,,,,,,
37,08-Oct-22,118.00,4,Dog,,,,,,,,
50,09-Oct-22,90.00,4,Dog,,,,,,,,
186,09-Oct-22,72.00,2,Dog,,,,,,,,
103,09-Oct-22,56.00,2,Dog,,,,,,,,
182,09-Oct-22,143.00,2,Dog,,,,,,,,
73,09-Oct-22,99.00,4,Cat,,,,,,,,
102,09-Oct-22,50.00,1,Dog,,,,,,,,
7,09-Oct-22,69.00,4,Cat,,,,,,,,
191,10-Oct-22,137.00,4,Dog,,,,,,,,
37,10-Oct-22,47.00,1,Cat,,,,,,,,
115,10-Oct-22,104.00,4,Cat,,,,,,,,
16,10-Oct-22,117.00,2,Dog,,,,,,,,
52,10-Oct-22,90.00,2,Cat,,,,,,,,
179,10-Oct-22,145.00,3,Dog,,,,,,,,
142,10-Oct-22,33.00,1,Dog,,,,,,,,
27,10-Oct-22,97.00,2,Cat,,,,,,,,
68,10-Oct-22,111.00,2,Dog,,,,,,,,
120,10-Oct-22,39.00,1,Cat,,,,,,,,
77,10-Oct-22,74.00,2,Dog,,,,,,,,
1,11-Oct-22,38.00,1,Cat,,,,,,,,
72,11-Oct-22,50.00,1,Dog,,,,,,,,
31,11-Oct-22,25.00,1,Cat,,,,,,,,
66,11-Oct-22,138.00,4,Cat,,,,,,,,
49,12-Oct-22,145.00,3,Dog,,,,,,,,
97,12-Oct-22,55.00,4,Dog,,,,,,,,
95,13-Oct-22,128.00,4,Dog,,,,,,,,
17,14-Oct-22,125.00,2,Dog,,,,,,,,
92,14-Oct-22,74.00,4,Dog,,,,,,,,
125,14-Oct-22,117.00,2,Cat,,,,,,,,
86,14-Oct-22,126.00,2,Cat,,,,,,,,
138,15-Oct-22,141.00,2,Dog,,,,,,,,
55,15-Oct-22,135.00,3,Dog,,,,,,,,
82,15-Oct-22,106.00,2,Cat,,,,,,,,
86,15-Oct-22,97.00,4,Dog,,,,,,,,
16,16-Oct-22,142.00,4,Cat,,,,,,,,
35,16-Oct-22,122.00,3,Cat,,,,,,,,
107,17-Oct-22,118.00,4,Cat,,,,,,,,
63,17-Oct-22,46.00,1,Cat,,,,,,,,
136,17-Oct-22,148.00,2,Dog,,,,,,,,
135,17-Oct-22,90.00,3,Cat,,,,,,,,
79,18-Oct-22,36.00,1,Dog,,,,,,,,
10,18-Oct-22,82.00,2,Cat,,,,,,,,
144,18-Oct-22,141.00,3,Cat,,,,,,,,
18,18-Oct-22,130.00,2,Cat,,,,,,,,
33,18-Oct-22,132.00,2,Cat,,,,,,,,
114,18-Oct-22,132.00,2,Cat,,,,,,,,
5,18-Oct-22,131.00,3,Cat,,,,,,,,
72,19-Oct-22,125.00,3,Cat,,,,,,,,
7,19-Oct-22,110.00,3,Cat,,,,,,,,
150,20-Oct-22,93.00,4,Cat,,,,,,,,
132,20-Oct-22,35.00,1,Cat,,,,,,,,
190,20-Oct-22,77.00,2,Dog,,,,,,,,
120,20-Oct-22,144.00,3,Cat,,,,,,,,
134,20-Oct-22,127.00,4,Cat,,,,,,,,
122,21-Oct-22,65.00,2,Dog,,,,,,,,
16,21-Oct-22,143.00,4,Dog,,,,,,,,
73,21-Oct-22,143.00,2,Dog,,,,,,,,
134,21-Oct-22,53.00,4,Cat,,,,,,,,
160,21-Oct-22,37.00,1,Cat,,,,,,,,
136,21-Oct-22,29.00,1,Cat,,,,,,,,
81,21-Oct-22,113.00,4,Cat,,,,,,,,
90,21-Oct-22,81.00,4,Cat,,,,,,,,
79,21-Oct-22,67.00,2,Cat,,,,,,,,
134,22-Oct-22,109.00,2,Dog,,,,,,,,
38,22-Oct-22,32.00,1,Dog,,,,,,,,
9,22-Oct-22,53.00,2,Cat,,,,,,,,
199,22-Oct-22,134.00,4,Cat,,,,,,,,
173,22-Oct-22,27.00,1,Dog,,,,,,,,
114,22-Oct-22,68.00,3,Cat,,,,,,,,
114,22-Oct-22,60.00,4,Dog,,,,,,,,
165,23-Oct-22,107.00,2,Dog,,,,,,,,
76,23-Oct-22,54.00,2,Dog,,,,,,,,
63,23-Oct-22,25.00,1,Dog,,,,,,,,
89,23-Oct-22,65.00,2,Cat,,,,,,,,
140,23-Oct-22,106.00,3,Dog,,,,,,,,
132,23-Oct-22,56.00,4,Dog,,,,,,,,
137,23-Oct-22,45.00,1,Dog,,,,,,,,
191,24-Oct-22,102.00,4,Dog,,,,,,,,
89,24-Oct-22,109.00,2,Dog,,,,,,,,
153,24-Oct-22,132.00,4,Dog,,,,,,,,
18,24-Oct-22,99.00,3,Dog,,,,,,,,
19,25-Oct-22,149.00,3,Cat,,,,,,,,
51,25-Oct-22,72.00,2,Dog,,,,,,,,
141,25-Oct-22,44.00,1,Cat,,,,,,,,
126,25-Oct-22,51.00,3,Dog,,,,,,,,
100,25-Oct-22,117.00,3,Cat,,,,,,,,
41,25-Oct-22,128.00,4,Dog,,,,,,,,
20,25-Oct-22,106.00,3,Dog,,,,,,,,
15,26-Oct-22,116.00,4,Cat,,,,,,,,
191,26-Oct-22,62.00,3,Cat,,,,,,,,
198,26-Oct-22,48.00,1,Cat,,,,,,,,
163,26-Oct-22,51.00,4,Dog,,,,,,,,
189,27-Oct-22,116.00,3,Dog,,,,,,,,
129,27-Oct-22,47.00,1,Cat,,,,,,,,
17,28-Oct-22,147.00,2,Dog,,,,,,,,
196,28-Oct-22,121.00,3,Cat,,,,,,,,
83,28-Oct-22,129.00,3,Dog,,,,,,,,
184,29-Oct-22,25.00,1,Dog,,,,,,,,
32,29-Oct-22,80.00,2,Cat,,,,,,,,
130,29-Oct-22,127.00,4,Cat,,,,,,,,
72,30-Oct-22,134.00,2,Cat,,,,,,,,
167,30-Oct-22,120.00,2,Dog,,,,,,,,
30,30-Oct-22,139.00,2,Dog,,,,,,,,
61,30-Oct-22,60.00,2,Cat,,,,,,,,
155,30-Oct-22,108.00,2,Cat,,,,,,,,
181,30-Oct-22,84.00,3,Dog,,,,,,,,
14,30-Oct-22,69.00,3,Dog,,,,,,,,
44,31-Oct-22,56.00,3,Cat,,,,,,,,
120,31-Oct-22,93.00,3,Cat,,,,,,,,
76,31-Oct-22,136.00,3,Dog,,,,,,,,
69,01-Nov-22,98.00,3,Dog,,,,,,,,
160,01-Nov-22,23.00,1,Dog,,,,,,,,
59,01-Nov-22,143.00,2,Cat,,,,,,,,
56,01-Nov-22,92.00,3,Cat,,,,,,,,
138,01-Nov-22,144.00,3,Dog,,,,,,,,
90,02-Nov-22,132.00,4,Dog,,,,,,,,
84,02-Nov-22,102.00,4,Dog,,,,,,,,
184,02-Nov-22,54.00,4,Dog,,,,,,,,
25,02-Nov-22,23.00,1,Dog,,,,,,,,
71,02-Nov-22,137.00,4,Cat,,,,,,,,
81,02-Nov-22,53.00,2,Dog,,,,,,,,
73,02-Nov-22,147.00,2,Cat,,,,,,,,
197,03-Nov-22,51.00,3,Dog,,,,,,,,
63,03-Nov-22,114.00,3,Dog,,,,,,,,
101,03-Nov-22,64.00,3,Cat,,,,,,,,
56,04-Nov-22,148.00,4,Dog,,,,,,,,
175,04-Nov-22,52.00,2,Cat,,,,,,,,
169,04-Nov-22,84.00,2,Dog,,,,,,,,
59,04-Nov-22,50.00,1,Dog,,,,,,,,
157,04-Nov-22,80.00,3,Cat,,,,,,,,
147,04-Nov-22,44.00,1,Dog,,,,,,,,
101,04-Nov-22,79.00,2,Cat,,,,,,,,
83,05-Nov-22,126.00,2,Dog,,,,,,,,
93,05-Nov-22,46.00,1,Cat,,,,,,,,
125,05-Nov-22,124.00,4,Cat,,,,,,,,
125,05-Nov-22,132.00,4,Cat,,,,,,,,
143,05-Nov-22,35.00,1,Dog,,,,,,,,
82,05-Nov-22,136.00,2,Dog,,,,,,,,
51,06-Nov-22,119.00,3,Dog,,,,,,,,
24,06-Nov-22,64.00,4,Dog,,,,,,,,
8,06-Nov-22,74.00,3,Cat,,,,,,,,
68,07-Nov-22,124.00,2,Cat,,,,,,,,
155,07-Nov-22,73.00,3,Cat,,,,,,,,
162,08-Nov-22,125.00,3,Dog,,,,,,,,
105,08-Nov-22,107.00,2,Cat,,,,,,,,
128,08-Nov-22,128.00,2,Dog,,,,,,,,
143,09-Nov-22,129.00,4,Dog,,,,,,,,
167,09-Nov-22,29.00,1,Dog,,,,,,,,
96,09-Nov-22,43.00,1,Cat,,,,,,,,
178,09-Nov-22,135.00,4,Cat,,,,,,,,
46,10-Nov-22,108.00,4,Dog,,,,,,,,
162,10-Nov-22,104.00,3,Cat,,,,,,,,
13,10-Nov-22,26.00,1,Cat,,,,,,,,
125,11-Nov-22,142.00,2,Cat,,,,,,,,
160,11-Nov-22,74.00,3,Dog,,,,,,,,
127,11-Nov-22,67.00,2,Dog,,,,,,,,
12,12-Nov-22,145.00,3,Dog,,,,,,,,
186,12-Nov-22,113.00,2,Cat,,,,,,,,
106,12-Nov-22,99.00,3,Cat,,,,,,,,
171,12-Nov-22,117.00,4,Dog,,,,,,,,
165,12-Nov-22,120.00,4,Dog,,,,,,,,
27,12-Nov-22,46.00,1,Dog,,,,,,,,
126,12-Nov-22,52.00,4,Dog,,,,,,,,
181,12-Nov-22,54.00,4,Dog,,,,,,,,
178,12-Nov-22,97.00,2,Cat,,,,,,,,
71,12-Nov-22,27.00,1,Dog,,,,,,,,
180,12-Nov-22,62.00,3,Cat,,,,,,,,
14,12-Nov-22,24.00,1,Cat,,,,,,,,
39,13-Nov-22,67.00,4,Cat,,,,,,,,
34,13-Nov-22,26.00,1,Dog,,,,,,,,
58,13-Nov-22,139.00,2,Dog,,,,,,,,
100,13-Nov-22,92.00,3,Cat,,,,,,,,
165,13-Nov-22,30.00,1,Cat,,,,,,,,
99,13-Nov-22,115.00,3,Dog,,,,,,,,
171,14-Nov-22,132.00,4,Cat,,,,,,,,
155,14-Nov-22,48.00,1,Cat,,,,,,,,
175,14-Nov-22,107.00,4,Dog,,,,,,,,
162,14-Nov-22,133.00,2,Dog,,,,,,,,
43,15-Nov-22,23.00,1,Cat,,,,,,,,
95,15-Nov-22,48.00,1,Dog,,,,,,,,
97,15-Nov-22,100.00,4,Dog,,,,,,,,
169,15-Nov-22,45.00,1,Cat,,,,,,,,
166,15-Nov-22,55.00,3,Dog,,,,,,,,
97,15-Nov-22,81.00,3,Cat,,,,,,,,
49,17-Nov-22,38.00,1,Dog,,,,,,,,
23,17-Nov-22,56.00,4,Dog,,,,,,,,
168,17-Nov-22,71.00,4,Dog,,,,,,,,
60,17-Nov-22,80.00,2,Dog,,,,,,,,
196,17-Nov-22,99.00,3,Dog,,,,,,,,
188,17-Nov-22,131.00,3,Cat,,,,,,,,
1,17-Nov-22,37.00,1,Cat,,,,,,,,
138,18-Nov-22,140.00,4,Cat,,,,,,,,
60,18-Nov-22,145.00,2,Dog,,,,,,,,
197,18-Nov-22,53.00,2,Dog,,,,,,,,
91,18-Nov-22,75.00,2,Cat,,,,,,,,
162,18-Nov-22,48.00,1,Dog,,,,,,,,
110,18-Nov-22,83.00,4,Cat,,,,,,,,
71,18-Nov-22,68.00,3,Cat,,,,,,,,
138,19-Nov-22,76.00,3,Dog,,,,,,,,
41,19-Nov-22,59.00,3,Cat,,,,,,,,
174,19-Nov-22,120.00,4,Dog,,,,,,,,
54,19-Nov-22,134.00,2,Cat,,,,,,,,
66,19-Nov-22,53.00,4,Cat,,,,,,,,
136,19-Nov-22,94.00,2,Cat,,,,,,,,
120,20-Nov-22,124.00,4,Dog,,,,,,,,
109,20-Nov-22,134.00,2,Cat,,,,,,,,
25,20-Nov-22,112.00,3,Cat,,,,,,,,
150,20-Nov-22,24.00,1,Cat,,,,,,,,
52,21-Nov-22,92.00,3,Dog,,,,,,,,
186,21-Nov-22,92.00,2,Cat,,,,,,,,
190,21-Nov-22,26.00,1,Cat,,,,,,,,
76,21-Nov-22,118.00,2,Cat,,,,,,,,
10,21-Nov-22,88.00,2,Dog,,,,,,,,
163,21-Nov-22,128.00,3,Dog,,,,,,,,
11,22-Nov-22,84.00,4,Dog,,,,,,,,
126,22-Nov-22,37.00,1,Cat,,,,,,,,
191,22-Nov-22,63.00,4,Dog,,,,,,,,
141,22-Nov-22,71.00,3,Cat,,,,,,,,
83,22-Nov-22,84.00,4,Dog,,,,,,,,
8,22-Nov-22,147.00,3,Cat,,,,,,,,
56,23-Nov-22,73.00,2,Cat,,,,,,,,
18,23-Nov-22,41.00,1,Dog,,,,,,,,
55,24-Nov-22,58.00,2,Dog,,,,,,,,
60,24-Nov-22,33.00,1,Cat,,,,,,,,
132,24-Nov-22,147.00,4,Cat,,,,,,,,
3,24-Nov-22,101.00,3,Dog,,,,,,,,
117,24-Nov-22,142.00,3,Dog,,,,,,,,
190,24-Nov-22,38.00,1,Cat,,,,,,,,
117,25-Nov-22,40.00,1,Cat,,,,,,,,
147,25-Nov-22,75.00,3,Cat,,,,,,,,
114,25-Nov-22,95.00,2,Cat,,,,,,,,
155,25-Nov-22,85.00,3,Cat,,,,,,,,
32,25-Nov-22,145.00,2,Cat,,,,,,,,
96,25-Nov-22,97.00,3,Cat,,,,,,,,
185,25-Nov-22,88.00,2,Dog,,,,,,,,
122,26-Nov-22,133.00,3,Cat,,,,,,,,
25,26-Nov-22,61.00,2,Dog,,,,,,,,
72,27-Nov-22,105.00,4,Dog,,,,,,,,
181,27-Nov-22,120.00,3,Cat,,,,,,,,
125,27-Nov-22,61.00,4,Cat,,,,,,,,
190,27-Nov-22,96.00,4,Dog,,,,,,,,
172,28-Nov-22,70.00,3,Dog,,,,,,,,
88,28-Nov-22,146.00,3,Dog,,,,,,,,
179,29-Nov-22,60.00,2,Dog,,,,,,,,
166,30-Nov-22,110.00,2,Cat,,,,,,,,
110,30-Nov-22,138.00,2,Cat,,,,,,,,
145,30-Nov-22,108.00,3,Cat,,,,,,,,
103,30-Nov-22,99.00,4,Cat,,,,,,,,
9,30-Nov-22,85.00,3,Cat,,,,,,,,
1,30-Nov-22,65.00,2,Dog,,,,,,,,
129,01-Dec-22,97.00,3,Cat,,,,,,,,
18,01-Dec-22,122.00,4,Dog,,,,,,,,
112,01-Dec-22,60.00,3,Cat,,,,,,,,
151,02-Dec-22,106.00,4,Cat,,,,,,,,
48,02-Dec-22,40.00,1,Dog,,,,,,,,
70,02-Dec-22,101.00,3,Dog,,,,,,,,
170,03-Dec-22,75.00,4,Cat,,,,,,,,
190,03-Dec-22,138.00,2,Cat,,,,,,,,
7,04-Dec-22,40.00,1,Dog,,,,,,,,
152,04-Dec-22,122.00,2,Dog,,,,,,,,
155,04-Dec-22,104.00,3,Cat,,,,,,,,
36,05-Dec-22,35.00,1,Cat,,,,,,,,
27,05-Dec-22,41.00,1,Dog,,,,,,,,
119,05-Dec-22,104.00,3,Cat,,,,,,,,
122,05-Dec-22,111.00,3,Cat,,,,,,,,
177,05-Dec-22,66.00,3,Cat,,,,,,,,
113,05-Dec-22,121.00,4,Cat,,,,,,,,
111,05-Dec-22,66.00,3,Cat,,,,,,,,
140,06-Dec-22,145.00,3,Dog,,,,,,,,
16,06-Dec-22,82.00,3,Cat,,,,,,,,
131,06-Dec-22,34.00,1,Cat,,,,,,,,
134,06-Dec-22,130.00,4,Cat,,,,,,,,
166,07-Dec-22,127.00,3,Cat,,,,,,,,
6,07-Dec-22,29.00,1,Dog,,,,,,,,
71,07-Dec-22,40.00,1,Dog,,,,,,,,
147,07-Dec-22,104.00,4,Cat,,,,,,,,
71,07-Dec-22,49.00,1,Dog,,,,,,,,
7,08-Dec-22,113.00,2,Dog,,,,,,,,
52,08-Dec-22,77.00,4,Dog,,,,,,,,
28,08-Dec-22,102.00,2,Cat,,,,,,,,
2,09-Dec-22,26.00,1,Dog,,,,,,,,
161,09-Dec-22,62.00,3,Dog,,,,,,,,
129,10-Dec-22,61.00,3,Dog,,,,,,,,
152,10-Dec-22,133.00,3,Cat,,,,,,,,
142,11-Dec-22,57.00,2,Cat,,,,,,,,
51,11-Dec-22,56.00,2,Dog,,,,,,,,
146,11-Dec-22,147.00,2,Dog,,,,,,,,
155,11-Dec-22,85.00,4,Cat,,,,,,,,
184,11-Dec-22,56.00,2,Cat,,,,,,,,
33,11-Dec-22,130.00,3,Cat,,,,,,,,
59,12-Dec-22,36.00,1,Cat,,,,,,,,
163,12-Dec-22,87.00,4,Cat,,,,,,,,
66,12-Dec-22,142.00,4,Dog,,,,,,,,
186,13-Dec-22,71.00,4,Dog,,,,,,,,
187,13-Dec-22,25.00,1,Cat,,,,,,,,
66,13-Dec-22,139.00,4,Cat,,,,,,,,
46,13-Dec-22,138.00,4,Cat,,,,,,,,
33,13-Dec-22,114.00,2,Dog,,,,,,,,
42,13-Dec-22,90.00,2,Dog,,,,,,,,
12,14-Dec-22,42.00,1,Cat,,,,,,,,
117,14-Dec-22,82.00,2,Cat,,,,,,,,
75,14-Dec-22,107.00,3,Cat,,,,,,,,
97,14-Dec-22,128.00,3,Cat,,,,,,,,
178,14-Dec-22,82.00,3,Cat,,,,,,,,
68,15-Dec-22,31.00,1,Cat,,,,,,,,
76,15-Dec-22,123.00,2,Cat,,,,,,,,
95,15-Dec-22,36.00,1,Dog,,,,,,,,
57,15-Dec-22,91.00,3,Dog,,,,,,,,
125,15-Dec-22,122.00,4,Dog,,,,,,,,
129,15-Dec-22,26.00,1,Dog,,,,,,,,
119,16-Dec-22,142.00,3,Dog,,,,,,,,
2,16-Dec-22,47.00,1,Cat,,,,,,,,
108,16-Dec-22,68.00,4,Cat,,,,,,,,
107,16-Dec-22,47.00,1,Cat,,,,,,,,
18,16-Dec-22,30.00,1,Cat,,,,,,,,
120,16-Dec-22,146.00,2,Cat,,,,,,,,
117,16-Dec-22,60.00,4,Cat,,,,,,,,
154,17-Dec-22,76.00,2,Cat,,,,,,,,
90,17-Dec-22,101.00,3,Cat,,,,,,,,
73,17-Dec-22,80.00,3,Cat,,,,,,,,
71,17-Dec-22,145.00,2,Dog,,,,,,,,
76,18-Dec-22,118.00,3,Dog,,,,,,,,
33,18-Dec-22,95.00,2,Dog,,,,,,,,
81,18-Dec-22,39.00,1,Cat,,,,,,,,
194,18-Dec-22,54.00,3,Dog,,,,,,,,
86,18-Dec-22,117.00,3,Dog,,,,,,,,
154,18-Dec-22,41.00,1,Dog,,,,,,,,
178,18-Dec-22,73.00,3,Dog,,,,,,,,
37,19-Dec-22,37.00,1,Dog,,,,,,,,
87,19-Dec-22,81.00,2,Dog,,,,,,,,
100,19-Dec-22,65.00,4,Dog,,,,,,,,
17,19-Dec-22,135.00,4,Cat,,,,,,,,
140,19-Dec-22,84.00,3,Cat,,,,,,,,
53,20-Dec-22,99.00,4,Cat,,,,,,,,
95,20-Dec-22,144.00,2,Dog,,,,,,,,
158,22-Dec-22,100.00,2,Cat,,,,,,,,
175,22-Dec-22,31.00,1,Dog,,,,,,,,
140,22-Dec-22,112.00,4,Dog,,,,,,,,
8,22-Dec-22,66.00,4,Cat,,,,,,,,
39,23-Dec-22,77.00,4,Cat,,,,,,,,
33,23-Dec-22,130.00,4,Dog,,,,,,,,
56,23-Dec-22,26.00,1,Dog,,,,,,,,
75,23-Dec-22,45.00,1,Cat,,,,,,,,
103,23-Dec-22,38.00,1,Dog,,,,,,,,
137,23-Dec-22,147.00,2,Cat,,,,,,,,
15,24-Dec-22,80.00,4,Dog,,,,,,,,
52,24-Dec-22,57.00,3,Cat,,,,,,,,
46,24-Dec-22,97.00,2,Dog,,,,,,,,
128,24-Dec-22,67.00,4,Cat,,,,,,,,
174,25-Dec-22,117.00,2,Cat,,,,,,,,
110,25-Dec-22,57.00,3,Dog,,,,,,,,
170,25-Dec-22,141.00,4,Dog,,,,,,,,
10,25-Dec-22,121.00,3,Dog,,,,,,,,
6,25-Dec-22,85.00,2,Cat,,,,,,,,
18,26-Dec-22,124.00,4,Cat,,,,,,,,
84,26-Dec-22,92.00,3,Dog,,,,,,,,
72,26-Dec-22,44.00,1,Cat,,,,,,,,
22,26-Dec-22,64.00,3,Cat,,,,,,,,
56,26-Dec-22,118.00,3,Dog,,,,,,,,
95,26-Dec-22,105.00,3,Cat,,,,,,,,
93,27-Dec-22,42.00,1,Dog,,,,,,,,
103,27-Dec-22,24.00,1,Cat,,,,,,,,
165,27-Dec-22,111.00,4,Cat,,,,,,,,
159,27-Dec-22,54.00,3,Cat,,,,,,,,
15,27-Dec-22,35.00,1,Cat,,,,,,,,
59,27-Dec-22,65.00,2,Cat,,,,,,,,
25,27-Dec-22,91.00,3,Cat,,,,,,,,
112,28-Dec-22,84.00,3,Dog,,,,,,,,
71,28-Dec-22,80.00,2,Cat,,,,,,,,
128,28-Dec-22,73.00,3,Dog,,,,,,,,
173,28-Dec-22,137.00,2,Dog,,,,,,,,
90,29-Dec-22,24.00,1,Dog,,,,,,,,
171,30-Dec-22,36.00,1,Cat,,,,,,,,
124,30-Dec-22,34.00,1,Dog,,,,,,,,
77,30-Dec-22,65.00,4,Cat,,,,,,,,
182,30-Dec-22,69.00,3,Cat,,,,,,,,
83,30-Dec-22,25.00,1,Cat,,,,,,,,
83,31-Dec-22,36.00,1,Cat,,,,,,,,
52,31-Dec-22,31.00,1,Cat,,,,,,,,
130,31-Dec-22,69.00,2,Cat,,,,,,,,
116,31-Dec-22,95.00,2,Cat,,,,,,,,
91,31-Dec-22,112.00,2,Cat,,,,,,,,
125,01-Jan-23,116.00,4,Dog,,,,,,,,
64,01-Jan-23,43.00,1,Dog,,,,,,,,
50,01-Jan-23,100.00,4,Cat,,,,,,,,
167,01-Jan-23,88.00,4,Dog,,,,,,,,
156,02-Jan-23,77.00,2,Dog,,,,,,,,
104,02-Jan-23,115.00,3,Dog,,,,,,,,
173,02-Jan-23,43.00,1,Dog,,,,,,,,
41,03-Jan-23,130.00,4,Cat,,,,,,,,
108,03-Jan-23,31.00,1,Dog,,,,,,,,
103,04-Jan-23,79.00,4,Cat,,,,,,,,
84,04-Jan-23,32.00,1,Cat,,,,,,,,
66,05-Jan-23,57.00,2,Dog,,,,,,,,
80,05-Jan-23,124.00,3,Cat,,,,,,,,
126,07-Jan-23,132.00,4,Dog,,,,,,,,
66,07-Jan-23,96.00,2,Dog,,,,,,,,
12,07-Jan-23,103.00,4,Cat,,,,,,,,
83,08-Jan-23,113.00,2,Dog,,,,,,,,
111,09-Jan-23,129.00,4,Dog,,,,,,,,
120,09-Jan-23,125.00,4,Cat,,,,,,,,
83,09-Jan-23,113.00,4,Dog,,,,,,,,
37,09-Jan-23,64.00,2,Cat,,,,,,,,
99,09-Jan-23,137.00,4,Cat,,,,,,,,
22,09-Jan-23,35.00,1,Dog,,,,,,,,
68,11-Jan-23,55.00,3,Dog,,,,,,,,
17,11-Jan-23,125.00,3,Cat,,,,,,,,
175,11-Jan-23,96.00,3,Dog,,,,,,,,
52,11-Jan-23,69.00,3,Cat,,,,,,,,
52,12-Jan-23,45.00,1,Dog,,,,,,,,
38,12-Jan-23,146.00,3,Cat,,,,,,,,
73,12-Jan-23,43.00,1,Cat,,,,,,,,
31,12-Jan-23,49.00,1,Cat,,,,,,,,
89,13-Jan-23,148.00,4,Cat,,,,,,,,
77,13-Jan-23,109.00,3,Cat,,,,,,,,
44,13-Jan-23,59.00,2,Dog,,,,,,,,
190,13-Jan-23,96.00,3,Dog,,,,,,,,
129,13-Jan-23,126.00,4,Cat,,,,,,,,
60,13-Jan-23,115.00,2,Dog,,,,,,,,
40,14-Jan-23,110.00,3,Dog,,,,,,,,
155,14-Jan-23,37.00,1,Cat,,,,,,,,
101,14-Jan-23,102.00,4,Cat,,,,,,,,
152,14-Jan-23,50.00,1,Dog,,,,,,,,
111,14-Jan-23,62.00,2,Cat,,,,,,,,
11,15-Jan-23,145.00,4,Cat,,,,,,,,
27,15-Jan-23,23.00,1,Cat,,,,,,,,
107,16-Jan-23,42.00,1,Dog,,,,,,,,
128,16-Jan-23,46.00,1,Cat,,,,,,,,
167,17-Jan-23,77.00,4,Dog,,,,,,,,
42,17-Jan-23,139.00,3,Cat,,,,,,,,
151,18-Jan-23,81.00,4,Dog,,,,,,,,
140,18-Jan-23,88.00,4,Cat,,,,,,,,
32,18-Jan-23,135.00,4,Cat,,,,,,,,
37,18-Jan-23,70.00,3,Cat,,,,,,,,
169,19-Jan-23,43.00,1,Cat,,,,,,,,
45,19-Jan-23,118.00,3,Dog,,,,,,,,
134,19-Jan-23,124.00,2,Cat,,,,,,,,
190,20-Jan-23,41.00,1,Dog,,,,,,,,
102,20-Jan-23,27.00,1,Cat,,,,,,,,
120,20-Jan-23,99.00,3,Dog,,,,,,,,
124,20-Jan-23,120.00,3,Cat,,,,,,,,
135,20-Jan-23,39.00,1,Dog,,,,,,,,
51,20-Jan-23,101.00,3,Dog,,,,,,,,
5,21-Jan-23,145.00,2,Dog,,,,,,,,
91,21-Jan-23,33.00,1,Cat,,,,,,,,
64,22-Jan-23,29.00,1,Dog,,,,,,,,
57,22-Jan-23,75.00,2,Cat,,,,,,,,
195,22-Jan-23,37.00,1,Cat,,,,,,,,
146,22-Jan-23,114.00,2,Dog,,,,,,,,
20,22-Jan-23,42.00,1,Cat,,,,,,,,
153,23-Jan-23,112.00,4,Dog,,,,,,,,
113,23-Jan-23,102.00,2,Cat,,,,,,,,
6,23-Jan-23,94.00,2,Dog,,,,,,,,
144,23-Jan-23,134.00,4,Dog,,,,,,,,
169,23-Jan-23,34.00,1,Cat,,,,,,,,
77,23-Jan-23,113.00,3,Cat,,,,,,,,
184,24-Jan-23,111.00,4,Cat,,,,,,,,
14,24-Jan-23,37.00,1,Dog,,,,,,,,
92,24-Jan-23,108.00,2,Cat,,,,,,,,
6,25-Jan-23,56.00,3,Cat,,,,,,,,
110,26-Jan-23,73.00,3,Cat,,,,,,,,
129,26-Jan-23,48.00,1,Cat,,,,,,,,
111,27-Jan-23,33.00,1,Dog,,,,,,,,
55,27-Jan-23,150.00,2,Dog,,,,,,,,
183,27-Jan-23,41.00,1,Dog,,,,,,,,
123,27-Jan-23,65.00,4,Dog,,,,,,,,
57,27-Jan-23,30.00,1,Dog,,,,,,,,
62,28-Jan-23,89.00,2,Cat,,,,,,,,
54,28-Jan-23,134.00,2,Dog,,,,,,,,
175,28-Jan-23,56.00,3,Dog,,,,,,,,
186,28-Jan-23,90.00,4,Cat,,,,,,,,
5,28-Jan-23,123.00,2,Dog,,,,,,,,
13,28-Jan-23,42.00,1,Dog,,,,,,,,
135,28-Jan-23,49.00,1,Cat,,,,,,,,
141,29-Jan-23,102.00,2,Cat,,,,,,,,
7,29-Jan-23,79.00,2,Cat,,,,,,,,
158,30-Jan-23,90.00,2,Dog,,,,,,,,
193,30-Jan-23,44.00,1,Dog,,,,,,,,
190,30-Jan-23,76.00,4,Dog,,,,,,,,
48,30-Jan-23,75.00,2,Dog,,,,,,,,
129,30-Jan-23,126.00,3,Cat,,,,,,,,
2,30-Jan-23,60.00,2,Cat,,,,,,,,
105,30-Jan-23,28.00,1,Cat,,,,,,,,
118,30-Jan-23,139.00,3,Dog,,,,,,,,
110,31-Jan-23,72.00,2,Cat,,,,,,,,
53,01-Feb-23,70.00,4,Dog,,,,,,,,
52,01-Feb-23,69.00,4,Dog,,,,,,,,
130,01-Feb-23,34.00,1,Cat,,,,,,,,
193,01-Feb-23,137.00,3,Cat,,,,,,,,
177,02-Feb-23,108.00,3,Dog,,,,,,,,
80,02-Feb-23,143.00,2,Cat,,,,,,,,
105,02-Feb-23,56.00,3,Dog,,,,,,,,
165,02-Feb-23,85.00,3,Cat,,,,,,,,
84,03-Feb-23,94.00,4,Dog,,,,,,,,
49,03-Feb-23,93.00,2,Dog,,,,,,,,
44,03-Feb-23,27.00,1,Cat,,,,,,,,
86,04-Feb-23,148.00,2,Dog,,,,,,,,
25,04-Feb-23,40.00,1,Dog,,,,,,,,
110,04-Feb-23,23.00,1,Cat,,,,,,,,
139,04-Feb-23,69.00,4,Dog,,,,,,,,
87,04-Feb-23,24.00,1,Dog,,,,,,,,
88,05-Feb-23,125.00,3,Cat,,,,,,,,
18,05-Feb-23,94.00,2,Cat,,,,,,,,
121,05-Feb-23,26.00,1,Cat,,,,,,,,
183,06-Feb-23,32.00,1,Dog,,,,,,,,
24,06-Feb-23,54.00,4,Dog,,,,,,,,
68,06-Feb-23,65.00,2,Dog,,,,,,,,
140,06-Feb-23,91.00,2,Dog,,,,,,,,
86,07-Feb-23,133.00,3,Dog,,,,,,,,
37,07-Feb-23,95.00,3,Dog,,,,,,,,
45,07-Feb-23,24.00,1,Cat,,,,,,,,
23,08-Feb-23,79.00,4,Cat,,,,,,,,
32,08-Feb-23,74.00,2,Dog,,,,,,,,
141,08-Feb-23,33.00,1,Dog,,,,,,,,
127,08-Feb-23,94.00,2,Cat,,,,,,,,
145,08-Feb-23,134.00,3,Dog,,,,,,,,
118,09-Feb-23,75.00,3,Cat,,,,,,,,
4,09-Feb-23,23.00,1,Dog,,,,,,,,
118,10-Feb-23,141.00,4,Dog,,,,,,,,
71,10-Feb-23,135.00,3,Cat,,,,,,,,
105,10-Feb-23,136.00,3,Cat,,,,,,,,
78,10-Feb-23,80.00,3,Dog,,,,,,,,
52,10-Feb-23,37.00,1,Cat,,,,,,,,
87,11-Feb-23,88.00,2,Cat,,,,,,,,
41,11-Feb-23,126.00,4,Cat,,,,,,,,
120,11-Feb-23,81.00,2,Dog,,,,,,,,
37,11-Feb-23,24.00,1,Dog,,,,,,,,
174,11-Feb-23,39.00,1,Cat,,,,,,,,
143,12-Feb-23,35.00,1,Cat,,,,,,,,
177,12-Feb-23,40.00,1,Cat,,,,,,,,
79,12-Feb-23,83.00,3,Cat,,,,,,,,
145,13-Feb-23,100.00,4,Dog,,,,,,,,
146,13-Feb-23,95.00,4,Dog,,,,,,,,
16,13-Feb-23,94.00,2,Dog,,,,,,,,
140,13-Feb-23,28.00,1,Dog,,,,,,,,
22,14-Feb-23,40.00,1,Cat,,,,,,,,
73,14-Feb-23,64.00,3,Dog,,,,,,,,
85,14-Feb-23,65.00,4,Cat,,,,,,,,
126,14-Feb-23,101.00,2,Cat,,,,,,,,
135,14-Feb-23,78.00,2,Cat,,,,,,,,
1,15-Feb-23,108.00,2,Cat,,,,,,,,
68,15-Feb-23,61.00,3,Cat,,,,,,,,
91,16-Feb-23,98.00,4,Cat,,,,,,,,
190,16-Feb-23,131.00,3,Dog,,,,,,,,
23,16-Feb-23,54.00,3,Cat,,,,,,,,
48,17-Feb-23,138.00,3,Dog,,,,,,,,
14,17-Feb-23,148.00,3,Cat,,,,,,,,
93,17-Feb-23,91.00,4,Dog,,,,,,,,
97,17-Feb-23,88.00,3,Cat,,,,,,,,
144,18-Feb-23,88.00,4,Cat,,,,,,,,
107,18-Feb-23,104.00,4,Cat,,,,,,,,
29,18-Feb-23,66.00,3,Dog,,,,,,,,
192,18-Feb-23,100.00,4,Dog,,,,,,,,
136,18-Feb-23,126.00,2,Dog,,,,,,,,
78,19-Feb-23,67.00,3,Cat,,,,,,,,
179,19-Feb-23,111.00,3,Dog,,,,,,,,
22,19-Feb-23,33.00,1,Cat,,,,,,,,
12,19-Feb-23,150.00,2,Dog,,,,,,,,
141,19-Feb-23,87.00,2,Cat,,,,,,,,
170,20-Feb-23,124.00,4,Cat,,,,,,,,
154,20-Feb-23,73.00,2,Dog,,,,,,,,
198,20-Feb-23,25.00,1,Cat,,,,,,,,
95,20-Feb-23,38.00,1,Cat,,,,,,,,
64,20-Feb-23,119.00,4,Dog,,,,,,,,
178,21-Feb-23,42.00,1,Cat,,,,,,,,
196,21-Feb-23,90.00,3,Dog,,,,,,,,
169,21-Feb-23,120.00,3,Dog,,,,,,,,
37,22-Feb-23,40.00,1,Dog,,,,,,,,
127,22-Feb-23,128.00,2,Cat,,,,,,,,
110,22-Feb-23,86.00,4,Dog,,,,,,,,
35,23-Feb-23,63.00,3,Dog,,,,,,,,
150,23-Feb-23,130.00,4,Cat,,,,,,,,
170,23-Feb-23,149.00,2,Dog,,,,,,,,
29,23-Feb-23,148.00,4,Dog,,,,,,,,
166,23-Feb-23,80.00,2,Dog,,,,,,,,
149,24-Feb-23,131.00,2,Dog,,,,,,,,
128,24-Feb-23,73.00,4,Dog,,,,,,,,
123,24-Feb-23,56.00,2,Cat,,,,,,,,
98,24-Feb-23,126.00,3,Dog,,,,,,,,
42,25-Feb-23,68.00,2,Cat,,,,,,,,
45,25-Feb-23,41.00,1,Dog,,,,,,,,
152,25-Feb-23,106.00,4,Cat,,,,,,,,
116,25-Feb-23,57.00,3,Cat,,,,,,,,
5,25-Feb-23,72.00,4,Dog,,,,,,,,
191,25-Feb-23,49.00,1,Dog,,,,,,,,
197,26-Feb-23,86.00,2,Dog,,,,,,,,
52,26-Feb-23,113.00,4,Dog,,,,,,,,
10,26-Feb-23,96.00,4,Cat,,,,,,,,
87,26-Feb-23,41.00,1,Cat,,,,,,,,
66,27-Feb-23,122.00,4,Dog,,,,,,,,
191,27-Feb-23,139.00,2,Dog,,,,,,,,
174,27-Feb-23,149.00,4,Dog,,,,,,,,
134,28-Feb-23,80.00,2,Dog,,,,,,,,
196,28-Feb-23,57.00,4,Cat,,,,,,,,
100,28-Feb-23,140.00,3,Cat,,,,,,,,
66,28-Feb-23,121.00,4,Cat,,,,,,,,
56,28-Feb-23,75.00,3,Dog,,,,,,,,
14,28-Feb-23,40.00,1,Dog,,,,,,,,
72,01-Mar-23,98.00,4,Dog,,,,,,,,
89,01-Mar-23,27.00,1,Cat,,,,,,,,
157,01-Mar-23,23.00,1,Cat,,,,,,,,
16,02-Mar-23,73.00,2,Cat,,,,,,,,
19,02-Mar-23,55.00,4,Cat,,,,,,,,
19,02-Mar-23,77.00,4,Dog,,,,,,,,
106,02-Mar-23,104.00,2,Cat,,,,,,,,
140,02-Mar-23,66.00,3,Cat,,,,,,,,
116,02-Mar-23,34.00,1,Dog,,,,,,,,
130,02-Mar-23,52.00,4,Cat,,,,,,,,
44,03-Mar-23,35.00,1,Dog,,,,,,,,
106,04-Mar-23,40.00,1,Cat,,,,,,,,
47,04-Mar-23,137.00,2,Cat,,,,,,,,
150,04-Mar-23,101.00,2,Cat,,,,,,,,
105,04-Mar-23,80.00,4,Cat,,,,,,,,
14,04-Mar-23,113.00,3,Dog,,,,,,,,
11,04-Mar-23,150.00,4,Cat,,,,,,,,
5,05-Mar-23,149.00,4,Dog,,,,,,,,
17,05-Mar-23,142.00,2,Cat,,,,,,,,
197,05-Mar-23,33.00,1,Dog,,,,,,,,
165,06-Mar-23,56.00,2,Cat,,,,,,,,
172,06-Mar-23,64.00,2,Cat,,,,,,,,
14,08-Mar-23,83.00,2,Dog,,,,,,,,
174,08-Mar-23,94.00,3,Dog,,,,,,,,
151,08-Mar-23,31.00,1,Cat,,,,,,,,
98,09-Mar-23,110.00,3,Dog,,,,,,,,
107,09-Mar-23,74.00,3,Dog,,,,,,,,
117,10-Mar-23,95.00,3,Dog,,,,,,,,
85,10-Mar-23,70.00,3,Cat,,,,,,,,
174,10-Mar-23,135.00,2,Cat,,,,,,,,
142,10-Mar-23,33.00,1,Cat,,,,,,,,
197,10-Mar-23,142.00,3,Dog,,,,,,,,
127,10-Mar-23,134.00,4,Dog,,,,,,,,
194,10-Mar-23,53.00,3,Cat,,,,,,,,
186,11-Mar-23,114.00,2,Cat,,,,,,,,
195,11-Mar-23,79.00,3,Dog,,,,,,,,
183,11-Mar-23,88.00,3,Dog,,,,,,,,
6,12-Mar-23,67.00,3,Cat,,,,,,,,
69,12-Mar-23,119.00,2,Dog,,,,,,,,
88,12-Mar-23,120.00,2,Dog,,,,,,,,
124,12-Mar-23,95.00,2,Dog,,,,,,,,
79,12-Mar-23,140.00,3,Dog,,,,,,,,
167,13-Mar-23,100.00,3,Cat,,,,,,,,
127,13-Mar-23,104.00,2,Cat,,,,,,,,
13,13-Mar-23,97.00,2,Cat,,,,,,,,
140,14-Mar-23,110.00,4,Cat,,,,,,,,
40,14-Mar-23,117.00,4,Cat,,,,,,,,
104,14-Mar-23,126.00,4,Cat,,,,,,,,
42,15-Mar-23,62.00,2,Cat,,,,,,,,
72,15-Mar-23,91.00,2,Cat,,,,,,,,
137,15-Mar-23,64.00,3,Dog,,,,,,,,
101,15-Mar-23,65.00,3,Dog,,,,,,,,
185,15-Mar-23,29.00,1,Cat,,,,,,,,
86,16-Mar-23,95.00,4,Dog,,,,,,,,
140,16-Mar-23,148.00,3,Dog,,,,,,,,
98,16-Mar-23,129.00,3,Dog,,,,,,,,
55,17-Mar-23,54.00,3,Dog,,,,,,,,
50,17-Mar-23,117.00,2,Dog,,,,,,,,
195,17-Mar-23,56.00,3,Cat,,,,,,,,
71,18-Mar-23,107.00,2,Dog,,,,,,,,
16,18-Mar-23,86.00,3,Dog,,,,,,,,
97,18-Mar-23,135.00,4,Cat,,,,,,,,
146,19-Mar-23,135.00,3,Dog,,,,,,,,
179,19-Mar-23,49.00,1,Cat,,,,,,,,
113,19-Mar-23,70.00,4,Cat,,,,,,,,
52,19-Mar-23,59.00,3,Cat,,,,,,,,
74,20-Mar-23,61.00,4,Dog,,,,,,,,
158,21-Mar-23,119.00,2,Dog,,,,,,,,
87,21-Mar-23,23.00,1,Dog,,,,,,,,
65,21-Mar-23,132.00,4,Dog,,,,,,,,
147,22-Mar-23,104.00,3,Cat,,,,,,,,
65,22-Mar-23,133.00,2,Cat,,,,,,,,
176,23-Mar-23,118.00,3,Dog,,,,,,,,
187,23-Mar-23,131.00,4,Dog,,,,,,,,
40,23-Mar-23,107.00,3,Dog,,,,,,,,
198,23-Mar-23,146.00,2,Cat,,,,,,,,
151,24-Mar-23,114.00,3,Cat,,,,,,,,
186,24-Mar-23,67.00,4,Cat,,,,,,,,
174,24-Mar-23,56.00,4,Cat,,,,,,,,
6,24-Mar-23,105.00,2,Cat,,,,,,,,
72,25-Mar-23,133.00,3,Cat,,,,,,,,
2,25-Mar-23,83.00,4,Dog,,,,,,,,
120,26-Mar-23,37.00,1,Dog,,,,,,,,
136,26-Mar-23,137.00,2,Dog,,,,,,,,
167,26-Mar-23,50.00,1,Dog,,,,,,,,
112,26-Mar-23,61.00,2,Cat,,,,,,,,
2,26-Mar-23,35.00,1,Dog,,,,,,,,
158,26-Mar-23,90.00,4,Cat,,,,,,,,
173,26-Mar-23,133.00,3,Cat,,,,,,,,
109,27-Mar-23,50.00,1,Dog,,,,,,,,
133,27-Mar-23,132.00,4,Dog,,,,,,,,
28,27-Mar-23,144.00,4,Cat,,,,,,,,
164,28-Mar-23,143.00,2,Cat,,,,,,,,
32,28-Mar-23,98.00,2,Cat,,,,,,,,
84,28-Mar-23,112.00,2,Cat,,,,,,,,
136,28-Mar-23,68.00,2,Dog,,,,,,,,
200,29-Mar-23,145.00,3,Cat,,,,,,,,
167,29-Mar-23,102.00,2,Cat,,,,,,,,
193,29-Mar-23,88.00,3,Cat,,,,,,,,
53,29-Mar-23,96.00,3,Dog,,,,,,,,
151,30-Mar-23,99.00,2,Dog,,,,,,,,
43,30-Mar-23,29.00,1,Cat,,,,,,,,
7,31-Mar-23,90.00,2,Cat,,,,,,,,
18,31-Mar-23,87.00,3,Dog,,,,,,,,
9,01-Apr-23,144.00,2,Cat,,,,,,,,
112,01-Apr-23,136.00,3,Dog,,,,,,,,
156,02-Apr-23,25.00,1,Dog,,,,,,,,
157,02-Apr-23,101.00,2,Cat,,,,,,,,
51,02-Apr-23,46.00,1,Cat,,,,,,,,
84,02-Apr-23,98.00,2,Cat,,,,,,,,
19,02-Apr-23,90.00,3,Cat,,,,,,,,
154,03-Apr-23,36.00,1,Dog,,,,,,,,
112,03-Apr-23,42.00,1,Cat,,,,,,,,
8,03-Apr-23,70.00,3,Dog,,,,,,,,
31,03-Apr-23,126.00,2,Cat,,,,,,,,
66,03-Apr-23,91.00,3,Dog,,,,,,,,
165,04-Apr-23,28.00,1,Dog,,,,,,,,
189,04-Apr-23,39.00,1,Cat,,,,,,,,
136,04-Apr-23,118.00,3,Cat,,,,,,,,
198,05-Apr-23,70.00,3,Dog,,,,,,,,
155,05-Apr-23,77.00,4,Cat,,,,,,,,
162,05-Apr-23,87.00,2,Dog,,,,,,,,
36,05-Apr-23,141.00,4,Dog,,,,,,,,
193,06-Apr-23,136.00,4,Cat,,,,,,,,
23,06-Apr-23,127.00,3,Dog,,,,,,,,
165,07-Apr-23,118.00,2,Cat,,,,,,,,
8,07-Apr-23,86.00,4,Cat,,,,,,,,
150,07-Apr-23,139.00,2,Dog,,,,,,,,
110,07-Apr-23,125.00,3,Cat,,,,,,,,
48,07-Apr-23,126.00,4,Dog,,,,,,,,
188,07-Apr-23,138.00,4,Cat,,,,,,,,
19,08-Apr-23,104.00,2,Dog,,,,,,,,
101,08-Apr-23,33.00,1,Dog,,,,,,,,
181,09-Apr-23,112.00,4,Dog,,,,,,,,
39,10-Apr-23,129.00,2,Dog,,,,,,,,
124,10-Apr-23,106.00,2,Cat,,,,,,,,
109,10-Apr-23,92.00,3,Cat,,,,,,,,
49,10-Apr-23,52.00,3,Cat,,,,,,,,
137,10-Apr-23,80.00,4,Dog,,,,,,,,
146,11-Apr-23,95.00,4,Cat,,,,,,,,
94,11-Apr-23,127.00,2,Dog,,,,,,,,
1,11-Apr-23,96.00,4,Dog,,,,,,,,
82,11-Apr-23,62.00,3,Cat,,,,,,,,
81,11-Apr-23,129.00,2,Cat,,,,,,,,
19,11-Apr-23,78.00,4,Dog,,,,,,,,
75,12-Apr-23,141.00,2,Dog,,,,,,,,
140,12-Apr-23,84.00,4,Dog,,,,,,,,
80,12-Apr-23,71.00,2,Cat,,,,,,,,
163,12-Apr-23,39.00,1,Dog,,,,,,,,
158,12-Apr-23,66.00,3,Cat,,,,,,,,
154,12-Apr-23,32.00,1,Dog,,,,,,,,
162,12-Apr-23,113.00,2,Dog,,,,,,,,
23,12-Apr-23,80.00,4,Cat,,,,,,,,
100,13-Apr-23,101.00,2,Dog,,,,,,,,
139,13-Apr-23,53.00,3,Dog,,,,,,,,
41,13-Apr-23,103.00,4,Dog,,,,,,,,
198,13-Apr-23,74.00,2,Dog,,,,,,,,
145,13-Apr-23,51.00,3,Dog,,,,,,,,
20,14-Apr-23,109.00,4,Dog,,,,,,,,
133,14-Apr-23,40.00,1,Cat,,,,,,,,
96,15-Apr-23,48.00,1,Cat,,,,,,,,
174,15-Apr-23,147.00,2,Dog,,,,,,,,
167,15-Apr-23,41.00,1,Cat,,,,,,,,
15,15-Apr-23,63.00,3,Cat,,,,,,,,
29,15-Apr-23,33.00,1,Dog,,,,,,,,
14,15-Apr-23,124.00,3,Cat,,,,,,,,
59,15-Apr-23,33.00,1,Dog,,,,,,,,
33,16-Apr-23,140.00,3,Dog,,,,,,,,
118,16-Apr-23,68.00,2,Cat,,,,,,,,
188,16-Apr-23,69.00,2,Dog,,,,,,,,
30,16-Apr-23,49.00,1,Dog,,,,,,,,
151,17-Apr-23,69.00,3,Cat,,,,,,,,
107,17-Apr-23,69.00,3,Dog,,,,,,,,
178,17-Apr-23,64.00,3,Cat,,,,,,,,
198,17-Apr-23,88.00,2,Dog,,,,,,,,
20,17-Apr-23,63.00,2,Cat,,,,,,,,
60,17-Apr-23,44.00,1,Dog,,,,,,,,
62,18-Apr-23,23.00,1,Cat,,,,,,,,
59,18-Apr-23,34.00,1,Dog,,,,,,,,
68,18-Apr-23,148.00,3,Cat,,,,,,,,
12,18-Apr-23,97.00,4,Cat,,,,,,,,
199,19-Apr-23,127.00,3,Cat,,,,,,,,
195,19-Apr-23,119.00,4,Cat,,,,,,,,
123,19-Apr-23,53.00,3,Cat,,,,,,,,
168,19-Apr-23,78.00,3,Cat,,,,,,,,
23,19-Apr-23,100.00,2,Cat,,,,,,,,
114,19-Apr-23,33.00,1,Cat,,,,,,,,
47,20-Apr-23,121.00,4,Cat,,,,,,,,
29,20-Apr-23,118.00,3,Cat,,,,,,,,
193,20-Apr-23,132.00,4,Dog,,,,,,,,
170,20-Apr-23,43.00,1,Dog,,,,,,,,
199,20-Apr-23,101.00,4,Cat,,,,,,,,
77,21-Apr-23,49.00,1,Cat,,,,,,,,
96,21-Apr-23,110.00,3,Cat,,,,,,,,
156,21-Apr-23,122.00,4,Dog,,,,,,,,
46,21-Apr-23,70.00,2,Cat,,,,,,,,
92,21-Apr-23,125.00,3,Cat,,,,,,,,
170,21-Apr-23,115.00,2,Cat,,,,,,,,
65,21-Apr-23,79.00,4,Cat,,,,,,,,
157,22-Apr-23,131.00,2,Cat,,,,,,,,
28,22-Apr-23,106.00,2,Cat,,,,,,,,
192,22-Apr-23,137.00,3,Dog,,,,,,,,
195,22-Apr-23,38.00,1,Dog,,,,,,,,
194,23-Apr-23,139.00,4,Cat,,,,,,,,
95,23-Apr-23,67.00,3,Cat,,,,,,,,
2,23-Apr-23,141.00,4,Dog,,,,,,,,
62,24-Apr-23,25.00,1,Cat,,,,,,,,
88,24-Apr-23,124.00,4,Dog,,,,,,,,
56,25-Apr-23,129.00,2,Cat,,,,,,,,
86,25-Apr-23,63.00,2,Dog,,,,,,,,
118,26-Apr-23,89.00,2,Cat,,,,,,,,
149,26-Apr-23,143.00,3,Cat,,,,,,,,
64,26-Apr-23,143.00,3,Cat,,,,,,,,
66,26-Apr-23,26.00,1,Cat,,,,,,,,
30,26-Apr-23,29.00,1,Cat,,,,,,,,
199,27-Apr-23,44.00,1,Cat,,,,,,,,
97,27-Apr-23,67.00,3,Dog,,,,,,,,
171,27-Apr-23,84.00,2,Cat,,,,,,,,
132,27-Apr-23,135.00,3,Dog,,,,,,,,
6,27-Apr-23,149.00,4,Cat,,,,,,,,
198,28-Apr-23,136.00,2,Dog,,,,,,,,
67,28-Apr-23,65.00,3,Cat,,,,,,,,
188,29-Apr-23,44.00,1,Cat,,,,,,,,
162,29-Apr-23,45.00,1,Dog,,,,,,,,
188,29-Apr-23,88.00,3,Cat,,,,,,,,
50,29-Apr-23,95.00,2,Cat,,,,,,,,
20,30-Apr-23,52.00,2,Cat,,,,,,,,
109,30-Apr-23,110.00,4,Cat,,,,,,,,
169,01-May-23,42.00,1,Cat,,,,,,,,
34,01-May-23,82.00,2,Dog,,,,,,,,
163,01-May-23,138.00,4,Cat,,,,,,,,
172,01-May-23,132.00,2,Dog,,,,,,,,
91,02-May-23,79.00,3,Dog,,,,,,,,
15,02-May-23,90.00,2,Dog,,,,,,,,
151,02-May-23,65.00,4,Cat,,,,,,,,
71,03-May-23,47.00,1,Cat,,,,,,,,
102,03-May-23,117.00,4,Cat,,,,,,,,
127,04-May-23,129.00,3,Dog,,,,,,,,
171,05-May-23,65.00,3,Dog,,,,,,,,
149,05-May-23,33.00,1,Dog,,,,,,,,
114,05-May-23,135.00,2,Dog,,,,,,,,
1,05-May-23,131.00,2,Dog,,,,,,,,
55,05-May-23,36.00,1,Cat,,,,,,,,
180,05-May-23,125.00,4,Cat,,,,,,,,
58,06-May-23,131.00,4,Cat,,,,,,,,
43,06-May-23,37.00,1,Cat,,,,,,,,
49,06-May-23,99.00,3,Cat,,,,,,,,
97,06-May-23,28.00,1,Cat,,,,,,,,
176,06-May-23,35.00,1,Cat,,,,,,,,
74,06-May-23,45.00,1,Cat,,,,,,,,
108,06-May-23,114.00,3,Cat,,,,,,,,
185,07-May-23,28.00,1,Cat,,,,,,,,
131,07-May-23,146.00,3,Cat,,,,,,,,
114,07-May-23,32.00,1,Dog,,,,,,,,
173,07-May-23,115.00,2,Dog,,,,,,,,
126,07-May-23,58.00,2,Cat,,,,,,,,
84,07-May-23,142.00,4,Cat,,,,,,,,
20,08-May-23,104.00,3,Cat,,,,,,,,
14,08-May-23,55.00,3,Dog,,,,,,,,
154,08-May-23,84.00,2,Cat,,,,,,,,
84,09-May-23,97.00,2,Dog,,,,,,,,
137,09-May-23,79.00,4,Dog,,,,,,,,
45,10-May-23,75.00,2,Cat,,,,,,,,
126,10-May-23,80.00,2,Cat,,,,,,,,
127,10-May-23,23.00,1,Cat,,,,,,,,
167,10-May-23,52.00,4,Cat,,,,,,,,
30,10-May-23,44.00,1,Cat,,,,,,,,
89,11-May-23,148.00,4,Dog,,,,,,,,
81,11-May-23,25.00,1,Dog,,,,,,,,
16,12-May-23,133.00,4,Dog,,,,,,,,
116,12-May-23,30.00,1,Cat,,,,,,,,
92,12-May-23,107.00,3,Cat,,,,,,,,
151,13-May-23,65.00,2,Dog,,,,,,,,
132,13-May-23,126.00,3,Dog,,,,,,,,
49,13-May-23,108.00,3,Cat,,,,,,,,
13,13-May-23,47.00,1,Cat,,,,,,,,
55,14-May-23,46.00,1,Cat,,,,,,,,
90,14-May-23,125.00,2,Dog,,,,,,,,
169,15-May-23,135.00,2,Dog,,,,,,,,
15,15-May-23,54.00,3,Dog,,,,,,,,
73,15-May-23,107.00,4,Dog,,,,,,,,
105,15-May-23,115.00,4,Dog,,,,,,,,
41,15-May-23,113.00,4,Dog,,,,,,,,
101,15-May-23,144.00,4,Cat,,,,,,,,
179,16-May-23,28.00,1,Dog,,,,,,,,
182,16-May-23,50.00,1,Dog,,,,,,,,
28,16-May-23,53.00,2,Cat,,,,,,,,
40,16-May-23,134.00,3,Cat,,,,,,,,
85,16-May-23,68.00,2,Cat,,,,,,,,
79,17-May-23,41.00,1,Cat,,,,,,,,
86,17-May-23,99.00,4,Cat,,,,,,,,
88,17-May-23,63.00,4,Cat,,,,,,,,
123,18-May-23,103.00,4,Cat,,,,,,,,
50,18-May-23,141.00,4,Cat,,,,,,,,
74,18-May-23,86.00,3,Cat,,,,,,,,
73,18-May-23,31.00,1,Cat,,,,,,,,
79,19-May-23,122.00,4,Cat,,,,,,,,
96,20-May-23,46.00,1,Cat,,,,,,,,
51,20-May-23,50.00,1,Dog,,,,,,,,
191,20-May-23,50.00,1,Cat,,,,,,,,
166,20-May-23,137.00,3,Cat,,,,,,,,
128,20-May-23,42.00,1,Dog,,,,,,,,
142,22-May-23,118.00,4,Cat,,,,,,,,
17,22-May-23,69.00,2,Dog,,,,,,,,
1,22-May-23,37.00,1,Dog,,,,,,,,
85,24-May-23,135.00,2,Dog,,,,,,,,
156,24-May-23,85.00,2,Cat,,,,,,,,
171,25-May-23,27.00,1,Dog,,,,,,,,
140,25-May-23,61.00,3,Cat,,,,,,,,
180,25-May-23,23.00,1,Dog,,,,,,,,
19,25-May-23,142.00,2,Cat,,,,,,,,
109,25-May-23,135.00,2,Cat,,,,,,,,
168,26-May-23,96.00,4,Cat,,,,,,,,
91,26-May-23,48.00,1,Dog,,,,,,,,
50,26-May-23,26.00,1,Cat,,,,,,,,
55,26-May-23,49.00,1,Dog,,,,,,,,
101,27-May-23,119.00,2,Cat,,,,,,,,
115,27-May-23,113.00,3,Cat,,,,,,,,
21,27-May-23,115.00,4,Dog,,,,,,,,
123,28-May-23,147.00,4,Dog,,,,,,,,
8,28-May-23,90.00,4,Cat,,,,,,,,
4,28-May-23,54.00,4,Cat,,,,,,,,
187,28-May-23,135.00,4,Cat,,,,,,,,
68,28-May-23,45.00,1,Dog,,,,,,,,
130,28-May-23,29.00,1,Dog,,,,,,,,
152,28-May-23,91.00,2,Cat,,,,,,,,
147,28-May-23,135.00,2,Dog,,,,,,,,
163,28-May-23,150.00,2,Cat,,,,,,,,
178,28-May-23,73.00,3,Cat,,,,,,,,
112,29-May-23,108.00,3,Dog,,,,,,,,
187,29-May-23,138.00,2,Dog,,,,,,,,
172,29-May-23,132.00,2,Cat,,,,,,,,
42,29-May-23,142.00,4,Dog,,,,,,,,
192,30-May-23,77.00,3,Cat,,,,,,,,
26,30-May-23,35.00,1,Dog,,,,,,,,
116,31-May-23,38.00,1,Dog,,,,,,,,
144,31-May-23,112.00,2,Dog,,,,,,,,
164,01-Jun-23,75.00,2,Cat,,,,,,,,
82,01-Jun-23,124.00,3,Dog,,,,,,,,
27,01-Jun-23,124.00,3,Cat,,,,,,,,
153,01-Jun-23,27.00,1,Cat,,,,,,,,
43,02-Jun-23,37.00,1,Dog,,,,,,,,
104,02-Jun-23,59.00,3,Dog,,,,,,,,
180,02-Jun-23,28.00,1,Dog,,,,,,,,
12,02-Jun-23,150.00,3,Cat,,,,,,,,
76,02-Jun-23,47.00,1,Cat,,,,,,,,
83,02-Jun-23,102.00,3,Dog,,,,,,,,
152,02-Jun-23,150.00,2,Dog,,,,,,,,
156,03-Jun-23,48.00,1,Dog,,,,,,,,
172,03-Jun-23,24.00,1,Cat,,,,,,,,
175,04-Jun-23,55.00,2,Cat,,,,,,,,
53,04-Jun-23,121.00,3,Cat,,,,,,,,
172,04-Jun-23,91.00,4,Cat,,,,,,,,
118,04-Jun-23,78.00,4,Dog,,,,,,,,
28,04-Jun-23,82.00,4,Dog,,,,,,,,
104,05-Jun-23,122.00,2,Cat,,,,,,,,
170,05-Jun-23,139.00,3,Cat,,,,,,,,
66,05-Jun-23,63.00,2,Dog,,,,,,,,
103,05-Jun-23,132.00,3,Dog,,,,,,,,
62,06-Jun-23,61.00,2,Cat,,,,,,,,
76,06-Jun-23,59.00,2,Dog,,,,,,,,
81,06-Jun-23,80.00,4,Dog,,,,,,,,
52,06-Jun-23,26.00,1,Cat,,,,,,,,
69,06-Jun-23,145.00,3,Dog,,,,,,,,
152,07-Jun-23,72.00,3,Dog,,,,,,,,
9,07-Jun-23,140.00,4,Dog,,,,,,,,
63,07-Jun-23,85.00,2,Cat,,,,,,,,
155,07-Jun-23,133.00,3,Cat,,,,,,,,
196,07-Jun-23,125.00,2,Dog,,,,,,,,
179,08-Jun-23,134.00,4,Dog,,,,,,,,
68,08-Jun-23,102.00,4,Dog,,,,,,,,